{"framesUsed":252,"percentileLow":0.8,"height":624,"file":"\/Users\/vincentdesmouceaux\/video\/assets\/WhatsApp Video 2025-10-24 at 19.12.51.mp4","maxC":120,"ambientC":22,"hotspots":[{"pixels":2677,"rect":[[149,311],[51,149]],"meanScore":0.31245726,"tempC":46.264694},{"pixels":530,"rect":[[142,552],[16,60]],"meanScore":0.33037198,"tempC":47.94358},{"pixels":478,"rect":[[148,248],[33,41]],"meanScore":0.31481728,"tempC":46.484787},{"pixels":133,"rect":[[199,413],[13,20]],"meanScore":0.3120594,"tempC":46.227623}],"gamma":1.2,"width":704,"stat":"avg","percentileHigh":0.98}